timestamp,heart_rate,hrv,stress_score,skin_temp
2025-11-25 10:00:00,ERROR,48.6,NaN,33.7
2025-11-25 10:01:00,79,49.2,37.7,33.6
2025-11-25 10:02:00,78,53.5,25.4,33.3
2025-11-25 10:03:00,81,40.1,25.7,33.3
2025-11-25 10:04:00,77,53.1,22.4,33.2
2025-11-25 10:05:00,85,46.6,34.5,33.2
2025-11-25 10:06:00,79,51.2,23.0,33.5
2025-11-25 10:07:00,79,49.3,26.4,33.8
2025-11-25 10:08:00,80,44.5,36.5,33.2
2025-11-25 10:09:00,81,39.7,28.0,33.5
2025-11-25 10:10:00,82,49.7,31.0,33.4
2025-11-25 10:11:00,75,48.7,25.5,33.3
2025-11-25 10:12:00,81,40.9,35.6,33.0
2025-11-25 10:13:00,77,54.6,31.5,33.3
2025-11-25 10:14:00,76,50.5,28.9,33.3
2025-11-25 10:15:00,76,51.0,21.8,32.9
2025-11-25 10:16:00,79,57.2,26.2,33.3
2025-11-25 10:17:00,77,48.4,30.5,33.5
2025-11-25 10:18:00,74,60.6,9.3,33.3
2025-11-25 10:19:00,74,51.7,25.9,32.8
2025-11-25 10:20:00,71,56.1,29.8,33.1
2025-11-25 10:21:00,68,53.4,26.2,33.2
2025-11-25 10:22:00,68,58.7,19.6,33.4
2025-11-25 10:23:00,66,55.5,17.3,32.9
2025-11-25 10:24:00,67,57.7,19.3,33.2
2025-11-25 10:25:00,61,57.6,13.7,33.1
2025-11-25 10:26:00,63,60.5,25.1,33.3
2025-11-25 10:27:00,63,58.2,6.9,33.2
2025-11-25 10:28:00,61,71.8,9.0,33.3
2025-11-25 10:29:00,60,54.3,21.8,33.4
2025-11-25 10:30:00,60,55.3,23.1,33.0
2025-11-25 10:31:00,59,71.5,3.7,33.1
2025-11-25 10:32:00,57,59.2,4.6,33.3
2025-11-25 10:33:00,53,66.1,2.5,33.6
2025-11-25 10:34:00,53,61.9,13.1,33.0
2025-11-25 10:35:00,56,68.7,0.0,33.3
2025-11-25 10:36:00,56,66.0,2.9,33.0
2025-11-25 10:37:00,57,63.2,12.0,33.3
2025-11-25 10:38:00,53,64.5,9.6,33.1
2025-11-25 10:39:00,61,61.7,8.2,33.4
2025-11-25 10:40:00,53,67.2,13.0,33.1
2025-11-25 10:41:00,60,62.1,17.3,33.7
2025-11-25 10:42:00,57,57.6,8.8,33.1
2025-11-25 10:43:00,59,62.4,13.6,33.5
2025-11-25 10:44:00,60,67.2,9.8,33.8
2025-11-25 10:45:00,63,54.2,12.8,33.4
2025-11-25 10:46:00,62,62.7,16.3,33.3
2025-11-25 10:47:00,61,51.8,15.7,33.5
2025-11-25 10:48:00,66,51.0,21.9,33.4
2025-11-25 10:49:00,64,58.9,16.9,33.1
2025-11-25 10:50:00,69,,25.2,33.5
2025-11-25 10:51:00,65,,22.2,33.4
2025-11-25 10:52:00,72,,18.4,33.5
2025-11-25 10:53:00,74,56.3,22.3,33.5
2025-11-25 10:54:00,70,53.9,19.8,33.3
2025-11-25 10:55:00,80,40.7,37.1,33.0
2025-11-25 10:56:00,72,59.3,21.9,33.1
2025-11-25 10:57:00,72,57.4,18.7,33.3
2025-11-25 10:58:00,75,49.3,37.9,33.4
2025-11-25 10:59:00,69,56.5,17.4,33.5
2025-11-25 11:00:00,73,53.1,26.9,33.5
2025-11-25 11:01:00,71,52.7,21.3,33.2
2025-11-25 11:02:00,80,52.0,22.9,33.5
2025-11-25 11:03:00,81,54.9,20.8,33.2
2025-11-25 11:04:00,77,47.7,31.6,33.4
2025-11-25 11:05:00,70,54.6,6.0,33.1
2025-11-25 11:06:00,71,48.1,33.7,33.0
2025-11-25 11:07:00,70,55.8,28.8,33.0
2025-11-25 11:08:00,73,53.3,19.9,33.3
2025-11-25 11:09:00,69,52.3,23.1,33.2
2025-11-25 11:10:00,68,59.3,26.9,33.0
2025-11-25 11:11:00,73,43.9,27.3,33.4
2025-11-25 11:12:00,66,54.0,18.9,33.1
2025-11-25 11:13:00,62,63.3,15.6,33.1
2025-11-25 11:14:00,65,59.0,21.5,33.3
2025-11-25 11:15:00,59,57.9,17.8,33.3
2025-11-25 11:16:00,60,60.6,20.1,33.1
2025-11-25 11:17:00,61,58.7,13.8,33.4
2025-11-25 11:18:00,60,63.9,19.2,33.2
2025-11-25 11:19:00,59,58.9,15.5,33.2
2025-11-25 11:20:00,57,64.7,6.0,33.6
2025-11-25 11:21:00,53,57.6,16.4,33.3
2025-11-25 11:22:00,57,64.5,10.5,33.0
2025-11-25 11:23:00,55,59.0,16.5,33.1
2025-11-25 11:24:00,53,62.1,10.7,33.0
2025-11-25 11:25:00,53,64.9,8.8,33.0
2025-11-25 11:26:00,54,64.2,1.4,32.8
2025-11-25 11:27:00,54,62.1,10.9,33.4
2025-11-25 11:28:00,59,59.7,13.4,32.9
2025-11-25 11:29:00,57,60.1,13.8,32.9
2025-11-25 11:30:00,59,67.9,10.0,33.2
2025-11-25 11:31:00,61,57.5,16.7,33.1
2025-11-25 11:32:00,60,56.0,15.9,33.2
2025-11-25 11:33:00,66,62.0,27.3,32.9
2025-11-25 11:34:00,65,58.4,28.6,32.9
2025-11-25 11:35:00,61,56.4,5.5,32.9
2025-11-25 11:36:00,63,59.4,17.6,33.4
2025-11-25 11:37:00,69,52.5,18.0,33.1
2025-11-25 11:38:00,64,67.3,19.1,32.9
2025-11-25 11:39:00,64,64.9,13.7,33.3
2025-11-25 11:40:00,65,54.4,19.4,33.0
2025-11-25 11:41:00,70,58.2,15.2,33.0
2025-11-25 11:42:00,72,56.4,26.5,32.8
2025-11-25 11:43:00,68,62.2,19.8,32.8
2025-11-25 11:44:00,78,51.4,34.3,33.0
2025-11-25 11:45:00,80,58.6,25.6,33.1
2025-11-25 11:46:00,77,58.5,19.7,33.1
2025-11-25 11:47:00,78,42.2,26.1,32.5
2025-11-25 11:48:00,74,56.5,31.4,32.9
2025-11-25 11:49:00,80,43.2,24.1,32.9
2025-11-25 11:50:00,76,51.9,16.4,32.9
2025-11-25 11:51:00,70,58.2,22.8,32.7
2025-11-25 11:52:00,72,48.6,25.5,33.1
2025-11-25 11:53:00,70,57.5,18.3,32.7
2025-11-25 11:54:00,72,48.9,22.7,32.6
2025-11-25 11:55:00,77,51.7,24.0,32.9
2025-11-25 11:56:00,70,54.1,25.2,33.0
2025-11-25 11:57:00,67,53.5,19.6,32.4
2025-11-25 11:58:00,63,65.3,21.9,32.8
2025-11-25 11:59:00,68,57.5,35.2,33.1
2025-11-25 12:00:00,65,52.9,11.6,32.9
2025-11-25 12:01:00,61,52.2,14.8,32.6
2025-11-25 12:02:00,67,60.7,18.2,33.1
2025-11-25 12:03:00,61,55.0,24.5,32.9
2025-11-25 12:04:00,57,60.6,7.5,32.5
2025-11-25 12:05:00,62,68.7,4.5,99.9
2025-11-25 12:06:00,56,59.6,8.8,32.6
2025-11-25 12:07:00,57,57.2,14.8,32.8
2025-11-25 12:08:00,56,57.7,9.4,32.9
2025-11-25 12:09:00,57,56.5,14.3,32.9
2025-11-25 12:10:00,50,67.6,1.9,32.9
2025-11-25 12:11:00,53,54.6,3.7,32.8
2025-11-25 12:12:00,56,57.6,15.6,32.4
2025-11-25 12:13:00,55,56.5,9.1,32.8
2025-11-25 12:14:00,53,61.7,14.0,32.6
2025-11-25 12:15:00,58,55.2,17.5,33.0
2025-11-25 12:16:00,49,61.6,9.6,32.7
2025-11-25 12:17:00,58,57.9,14.2,32.7
2025-11-25 12:18:00,61,60.6,16.3,32.6
2025-11-25 12:19:00,57,59.1,14.8,32.6
2025-11-25 12:20:00,61,69.9,14.9,32.6
2025-11-25 12:21:00,65,55.6,8.4,32.5
2025-11-25 12:22:00,57,59.8,12.2,33.0
2025-11-25 12:23:00,65,56.6,22.3,32.3
2025-11-25 12:24:00,66,61.0,9.6,32.9
2025-11-25 12:25:00,67,54.3,23.9,33.2
2025-11-25 12:26:00,68,57.2,17.7,32.5
2025-11-25 12:27:00,71,50.1,25.1,32.6
2025-11-25 12:28:00,71,55.9,27.7,32.6
2025-11-25 12:29:00,70,50.0,22.0,32.8
2025-11-25 12:30:00,74,48.2,31.7,33.0
2025-11-25 12:31:00,74,62.3,17.7,32.5
2025-11-25 12:32:00,68,63.3,20.9,32.7
2025-11-25 12:33:00,75,46.8,40.5,32.7
2025-11-25 12:34:00,75,56.1,26.9,32.7
2025-11-25 12:35:00,73,56.1,32.5,33.0
2025-11-25 12:36:00,80,47.6,25.9,32.7
2025-11-25 12:37:00,75,57.9,15.4,33.0
2025-11-25 12:38:00,74,50.8,21.1,32.4
2025-11-25 12:39:00,77,52.0,20.8,32.5
2025-11-25 12:40:00,73,62.0,19.5,32.4
2025-11-25 12:41:00,72,52.5,10.8,32.7
2025-11-25 12:42:00,71,57.8,31.0,32.9
2025-11-25 12:43:00,70,49.3,37.3,32.7
2025-11-25 12:44:00,70,54.9,23.1,32.7
2025-11-25 12:45:00,67,53.7,20.6,32.6
2025-11-25 12:46:00,65,57.8,16.9,33.0
2025-11-25 12:47:00,58,66.3,16.7,32.3
2025-11-25 12:48:00,64,56.2,10.9,32.6
2025-11-25 12:49:00,60,68.6,15.5,33.0
2025-11-25 12:50:00,65,52.1,17.3,32.9
2025-11-25 12:51:00,58,64.8,9.4,32.7
2025-11-25 12:52:00,62,61.2,13.0,33.0
2025-11-25 12:53:00,56,65.2,12.3,32.7
2025-11-25 12:54:00,59,54.3,20.2,32.7
2025-11-25 12:55:00,55,67.5,4.8,32.5
2025-11-25 12:56:00,52,67.2,0.0,33.1
2025-11-25 12:57:00,50,73.7,3.3,32.8
2025-11-25 12:58:00,54,65.1,8.0,33.0
2025-11-25 12:59:00,55,63.0,8.2,32.8
2025-11-25 13:00:00,71,46.0,19.4,33.4
2025-11-25 13:01:00,69,54.5,21.8,33.3
2025-11-25 13:02:00,66,53.1,21.3,33.0
2025-11-25 13:03:00,68,47.4,29.0,33.3
2025-11-25 13:04:00,67,61.3,26.1,33.5
2025-11-25 13:05:00,61,53.3,13.9,33.3
2025-11-25 13:06:00,68,52.5,22.6,33.1
2025-11-25 13:07:00,65,50.7,15.8,33.0
2025-11-25 13:08:00,64,63.4,10.2,33.8
2025-11-25 13:09:00,69,56.5,16.3,33.4
2025-11-25 13:10:00,66,57.5,31.5,33.3
2025-11-25 13:11:00,72,50.4,24.9,33.3
2025-11-25 13:12:00,68,65.2,20.0,32.8
2025-11-25 13:13:00,72,58.7,25.0,32.6
2025-11-25 13:14:00,69,54.2,21.4,33.1
2025-11-25 13:15:00,73,47.0,28.7,33.1
2025-11-25 13:16:00,75,58.0,27.8,33.1
2025-11-25 13:17:00,74,44.9,30.4,33.0
2025-11-25 13:18:00,75,45.9,23.4,33.2
2025-11-25 13:19:00,75,55.9,24.8,33.0
2025-11-25 13:20:00,79,48.2,-10,32.9
2025-11-25 13:21:00,75,51.1,27.5,32.9
2025-11-25 13:22:00,80,45.5,30.9,32.9
2025-11-25 13:23:00,81,50.6,35.4,32.7
2025-11-25 13:24:00,77,55.9,26.4,33.3
2025-11-25 13:25:00,75,59.7,34.4,33.0
2025-11-25 13:26:00,74,60.0,30.5,33.0
2025-11-25 13:27:00,74,51.6,19.0,32.9
2025-11-25 13:28:00,72,50.4,24.6,33.1
2025-11-25 13:29:00,78,45.8,35.6,33.0
2025-11-25 13:30:00,72,57.4,16.6,33.2
2025-11-25 13:31:00,72,56.7,23.7,33.6
2025-11-25 13:32:00,68,53.3,18.4,33.0
2025-11-25 13:33:00,67,62.5,24.3,33.0
2025-11-25 13:34:00,65,59.8,14.4,33.3
2025-11-25 13:35:00,67,49.0,30.3,33.5
2025-11-25 13:36:00,63,56.5,18.7,33.2
2025-11-25 13:37:00,66,67.2,13.6,33.0
2025-11-25 13:38:00,58,57.2,13.9,33.5
2025-11-25 13:39:00,60,61.3,13.2,33.4
2025-11-25 13:40:00,68,53.6,18.7,33.4
2025-11-25 13:41:00,61,68.8,14.0,33.1
2025-11-25 13:42:00,60,65.7,15.6,33.3
2025-11-25 13:43:00,60,65.7,18.8,33.3
2025-11-25 13:44:00,56,62.8,16.4,33.0
2025-11-25 13:45:00,57,59.6,12.4,33.5
2025-11-25 13:46:00,56,62.3,3.8,33.4
2025-11-25 13:47:00,57,72.3,5.8,33.3
2025-11-25 13:48:00,56,70.0,7.0,33.3
2025-11-25 13:49:00,57,62.5,8.9,33.3
2025-11-25 13:50:00,59,55.6,15.6,33.1
2025-11-25 13:51:00,59,52.7,13.7,33.3
2025-11-25 13:52:00,61,59.2,12.2,33.6
2025-11-25 13:53:00,53,52.6,14.8,33.2
2025-11-25 13:54:00,55,66.1,9.7,33.2
2025-11-25 13:55:00,55,66.8,11.6,33.2
2025-11-25 13:56:00,66,51.9,12.9,33.1
2025-11-25 13:57:00,61,60.7,13.1,33.3
2025-11-25 13:58:00,59,67.9,9.6,33.5
2025-11-25 13:59:00,65,59.9,19.7,33.4
2025-11-25 14:00:00,ERROR,63.2,17.9,33.4
2025-11-25 14:01:00,66,64.2,12.6,33.6
2025-11-25 14:02:00,67,49.1,23.5,33.2
2025-11-25 14:03:00,71,51.1,22.2,32.9
2025-11-25 14:04:00,69,43.6,17.8,33.4
2025-11-25 14:05:00,73,55.4,19.1,33.3
2025-11-25 14:06:00,72,48.2,33.5,33.5
2025-11-25 14:07:00,72,54.0,24.8,32.9
2025-11-25 14:08:00,73,50.1,20.7,33.2
2025-11-25 14:09:00,80,53.4,25.6,33.4
2025-11-25 14:10:00,79,55.2,27.5,33.2
2025-11-25 14:11:00,77,53.5,31.3,33.4
2025-11-25 14:12:00,78,48.2,36.2,33.3
2025-11-25 14:13:00,81,46.0,41.0,33.3
2025-11-25 14:14:00,73,51.2,23.5,33.4
2025-11-25 14:15:00,76,49.2,27.7,33.7
2025-11-25 14:16:00,79,52.8,28.4,33.3
2025-11-25 14:17:00,75,47.5,26.6,33.0
2025-11-25 14:18:00,73,56.6,20.9,33.6
2025-11-25 14:19:00,67,49.0,24.0,33.5
2025-11-25 14:20:00,75,50.2,32.4,33.3
2025-11-25 14:21:00,68,60.3,22.1,33.0
2025-11-25 14:22:00,72,60.9,17.7,33.4
2025-11-25 14:23:00,68,57.4,17.0,33.1
2025-11-25 14:24:00,65,63.4,18.3,33.2
2025-11-25 14:25:00,66,42.8,30.2,32.9
2025-11-25 14:26:00,61,53.7,10.8,33.5
2025-11-25 14:27:00,60,61.8,12.9,33.4
2025-11-25 14:28:00,60,53.5,21.7,33.2
2025-11-25 14:29:00,54,60.7,17.8,33.4
2025-11-25 14:30:00,57,59.8,10.6,33.7
2025-11-25 14:31:00,58,63.0,16.9,33.3
2025-11-25 14:32:00,56,61.2,10.5,33.2
2025-11-25 14:33:00,58,61.3,15.9,33.2
2025-11-25 14:34:00,56,52.2,19.0,33.3
2025-11-25 14:35:00,58,46.5,28.7,33.2
2025-11-25 14:36:00,58,55.6,17.8,33.0
2025-11-25 14:37:00,53,73.0,3.8,33.2
2025-11-25 14:38:00,58,63.5,12.1,33.3
2025-11-25 14:39:00,63,58.2,17.5,33.4
2025-11-25 14:40:00,60,66.1,14.5,32.9
2025-11-25 14:41:00,62,53.3,19.4,33.0
2025-11-25 14:42:00,58,62.8,13.1,33.2
2025-11-25 14:43:00,64,60.4,14.9,33.3
2025-11-25 14:44:00,64,52.1,22.3,33.3
2025-11-25 14:45:00,60,66.7,10.7,33.2
2025-11-25 14:46:00,62,59.1,10.0,32.8
2025-11-25 14:47:00,68,51.5,17.5,32.7
2025-11-25 14:48:00,63,51.8,27.3,33.3
2025-11-25 14:49:00,64,69.1,17.8,33.0
2025-11-25 14:50:00,60,71.4,2.5,32.8
2025-11-25 14:51:00,72,66.3,25.6,33.2
2025-11-25 14:52:00,72,58.4,25.5,33.1
2025-11-25 14:53:00,71,54.0,19.5,33.0
2025-11-25 14:54:00,67,56.0,14.8,32.8
2025-11-25 14:55:00,73,60.2,26.6,32.7
2025-11-25 14:56:00,71,59.4,15.8,33.0
2025-11-25 14:57:00,76,47.2,29.2,32.8
2025-11-25 14:58:00,73,55.2,15.7,33.1
2025-11-25 14:59:00,75,55.3,25.9,33.3
2025-11-25 15:00:00,75,50.2,27.8,33.1
2025-11-25 15:01:00,75,52.7,22.5,32.9
2025-11-25 15:02:00,70,63.5,12.6,32.8
2025-11-25 15:03:00,72,58.4,20.4,33.2
2025-11-25 15:04:00,72,55.6,18.6,33.4
2025-11-25 15:05:00,69,56.9,24.0,33.0
2025-11-25 15:06:00,72,53.6,23.7,32.9
2025-11-25 15:07:00,74,64.1,18.0,32.7
2025-11-25 15:08:00,70,68.0,12.6,33.3
2025-11-25 15:09:00,74,50.3,29.0,33.2
2025-11-25 15:10:00,66,55.8,16.7,32.7
2025-11-25 15:11:00,64,51.7,20.1,32.7
2025-11-25 15:12:00,66,49.4,23.3,33.1
2025-11-25 15:13:00,58,63.0,17.6,32.6
2025-11-25 15:14:00,67,58.4,15.6,32.9
2025-11-25 15:15:00,63,59.0,18.8,32.7
2025-11-25 15:16:00,61,52.7,16.7,32.7
2025-11-25 15:17:00,57,67.8,14.3,33.0
2025-11-25 15:18:00,55,61.1,16.4,32.9
2025-11-25 15:19:00,64,60.0,17.4,32.8
2025-11-25 15:20:00,57,60.9,15.2,33.0
2025-11-25 15:21:00,53,56.6,2.2,32.9
2025-11-25 15:22:00,52,53.2,13.9,33.3
2025-11-25 15:23:00,55,66.7,8.8,32.8
2025-11-25 15:24:00,58,59.7,14.1,32.9
2025-11-25 15:25:00,53,68.4,5.6,32.6
2025-11-25 15:26:00,57,57.0,13.5,32.8
2025-11-25 15:27:00,59,62.9,12.1,32.9
2025-11-25 15:28:00,61,62.5,13.3,32.5
2025-11-25 15:29:00,54,61.5,6.7,32.7
2025-11-25 15:30:00,58,63.6,11.1,32.9
2025-11-25 15:31:00,59,50.6,12.5,32.7
2025-11-25 15:32:00,56,64.8,17.6,33.0
2025-11-25 15:33:00,61,67.2,12.2,32.7
2025-11-25 15:34:00,61,58.2,13.1,32.8
2025-11-25 15:35:00,64,57.9,19.5,33.0
2025-11-25 15:36:00,68,48.7,10.5,32.9
2025-11-25 15:38:00,69,59.2,17.0,32.2
2025-11-25 15:39:00,67,58.4,11.6,32.8
2025-11-25 15:40:00,70,57.9,21.4,32.5
2025-11-25 15:41:00,75,51.9,25.9,32.5
2025-11-25 15:42:00,71,50.2,23.5,33.1
2025-11-25 15:43:00,69,47.5,31.6,32.7
2025-11-25 15:44:00,72,59.4,18.2,33.1
2025-11-25 15:45:00,76,49.4,38.8,32.6
2025-11-25 15:46:00,77,53.1,33.4,33.0
2025-11-25 15:47:00,75,48.7,29.8,32.6
2025-11-25 15:48:00,81,50.2,28.7,32.7
2025-11-25 15:49:00,71,49.7,30.6,32.6
2025-11-25 15:50:00,72,,28.1,32.8
2025-11-25 15:51:00,77,,22.2,33.0
2025-11-25 15:52:00,73,,31.3,32.8
2025-11-25 15:53:00,74,63.7,17.9,32.9
2025-11-25 15:54:00,72,55.2,30.9,32.8
2025-11-25 15:55:00,73,59.0,20.2,32.5
2025-11-25 15:56:00,67,46.7,33.7,32.5
2025-11-25 15:57:00,68,54.5,22.6,32.9
2025-11-25 15:58:00,70,52.0,22.5,32.8
2025-11-25 15:59:00,66,65.3,17.7,32.9
2025-11-25 16:00:00,82,54.9,30.1,32.9
2025-11-25 16:01:00,78,47.5,27.4,33.2
2025-11-25 16:02:00,78,50.9,30.2,33.5
2025-11-25 16:03:00,73,66.5,22.0,32.8
2025-11-25 16:04:00,72,55.7,29.5,33.3
2025-11-25 16:05:00,68,50.1,21.5,33.0
2025-11-25 16:06:00,64,60.7,24.7,33.2
2025-11-25 16:07:00,61,61.8,19.8,33.0
2025-11-25 16:08:00,63,58.7,12.2,33.3
2025-11-25 16:09:00,61,61.3,9.9,33.1
2025-11-25 16:10:00,63,56.6,25.8,33.1
2025-11-25 16:11:00,61,64.3,5.6,32.4
2025-11-25 16:12:00,55,68.8,4.7,33.3
2025-11-25 16:13:00,57,62.2,19.3,33.2
2025-11-25 16:14:00,65,63.4,20.9,32.9
2025-11-25 16:15:00,61,56.5,12.2,32.8
2025-11-25 16:16:00,59,58.3,17.5,33.0
2025-11-25 16:17:00,60,67.4,5.4,32.8
2025-11-25 16:18:00,58,51.5,15.9,32.8
2025-11-25 16:19:00,66,60.3,12.2,33.2
2025-11-25 16:20:00,66,60.1,16.3,32.6
2025-11-25 16:21:00,62,64.5,22.8,33.1
2025-11-25 16:22:00,63,53.1,19.0,32.5
2025-11-25 16:23:00,66,56.2,16.9,32.5
2025-11-25 16:24:00,68,53.4,15.5,32.3
2025-11-25 16:25:00,67,65.1,24.7,32.8
2025-11-25 16:26:00,67,58.9,13.6,32.9
2025-11-25 16:27:00,72,60.1,20.8,32.8
2025-11-25 16:28:00,68,51.7,21.1,33.0
2025-11-25 16:29:00,75,48.7,34.8,32.8
2025-11-25 16:30:00,72,50.3,13.0,33.1
2025-11-25 16:31:00,75,51.0,27.0,33.0
2025-11-25 16:32:00,69,52.9,26.2,32.7
2025-11-25 16:33:00,75,45.7,31.1,32.9
2025-11-25 16:34:00,70,60.9,15.8,32.8
2025-11-25 16:35:00,76,58.0,19.0,33.0
2025-11-25 16:36:00,76,55.3,26.5,32.9
2025-11-25 16:37:00,72,54.2,18.4,32.4
2025-11-25 16:38:00,76,56.5,13.2,32.8
2025-11-25 16:39:00,76,62.2,22.9,32.8
2025-11-25 16:40:00,73,60.3,18.5,32.8
2025-11-25 16:41:00,71,49.5,25.7,33.3
2025-11-25 16:42:00,73,52.2,23.5,32.7
2025-11-25 16:43:00,74,52.7,24.2,33.7
2025-11-25 16:44:00,71,50.8,22.1,33.3
2025-11-25 16:45:00,69,48.2,28.8,32.9
2025-11-25 16:46:00,73,58.8,20.2,33.3
2025-11-25 16:47:00,67,61.0,19.9,32.9
2025-11-25 16:48:00,63,63.6,12.7,33.0
2025-11-25 16:49:00,61,61.7,24.1,32.9
2025-11-25 16:50:00,62,65.8,12.8,33.2
2025-11-25 16:51:00,58,63.1,10.6,33.3
2025-11-25 16:52:00,64,71.2,14.6,33.2
2025-11-25 16:53:00,59,58.5,16.0,33.1
2025-11-25 16:54:00,58,67.4,5.1,33.4
2025-11-25 16:55:00,61,58.9,4.4,33.0
2025-11-25 16:56:00,60,59.8,9.2,33.0
2025-11-25 16:57:00,58,63.6,10.3,33.1
2025-11-25 16:58:00,54,58.3,19.3,33.1
2025-11-25 16:59:00,59,68.2,14.9,33.1
2025-11-25 17:00:00,56,61.8,6.5,33.2
2025-11-25 17:01:00,52,70.2,2.5,33.2
2025-11-25 17:02:00,56,60.6,14.4,33.1
2025-11-25 17:03:00,58,54.1,16.0,33.6
2025-11-25 17:04:00,53,59.9,12.6,33.2
2025-11-25 17:05:00,58,63.4,14.7,33.4
2025-11-25 17:06:00,59,59.2,17.2,33.6
2025-11-25 17:08:00,53,67.5,4.4,33.2
2025-11-25 17:09:00,62,59.9,18.9,33.1
2025-11-25 17:10:00,64,56.7,21.4,33.4
2025-11-25 17:11:00,61,65.0,9.9,33.4
2025-11-25 17:12:00,66,66.1,14.1,33.2
2025-11-25 17:13:00,66,55.4,23.6,32.9
2025-11-25 17:14:00,64,52.4,24.4,33.6
2025-11-25 17:15:00,69,54.9,21.5,33.5
2025-11-25 17:16:00,67,57.6,24.2,33.4
2025-11-25 17:17:00,72,59.2,7.8,33.4
2025-11-25 17:18:00,70,45.8,28.3,33.6
2025-11-25 17:19:00,73,58.5,30.2,33.5
2025-11-25 17:20:00,79,54.4,27.8,33.0
2025-11-25 17:21:00,74,49.0,37.3,33.3
2025-11-25 17:22:00,75,55.2,25.1,33.6
2025-11-25 17:23:00,73,54.4,20.3,33.0
2025-11-25 17:24:00,73,53.2,22.5,33.2
2025-11-25 17:25:00,71,54.2,15.2,33.4
2025-11-25 17:26:00,75,45.3,27.3,33.1
2025-11-25 17:27:00,75,59.1,14.1,33.3
2025-11-25 17:28:00,73,56.8,24.3,33.1
2025-11-25 17:29:00,72,50.0,30.6,33.3
2025-11-25 17:30:00,78,50.8,24.8,33.0
2025-11-25 17:31:00,66,49.2,23.0,33.4
2025-11-25 17:32:00,65,61.8,14.0,33.3
2025-11-25 17:33:00,74,57.7,21.8,33.1
2025-11-25 17:34:00,61,55.8,15.3,33.1
2025-11-25 17:35:00,66,57.4,17.5,33.2
2025-11-25 17:36:00,66,59.5,12.1,33.6
2025-11-25 17:37:00,63,58.4,20.2,33.3
2025-11-25 17:38:00,65,58.8,14.6,33.4
2025-11-25 17:39:00,58,61.7,11.8,33.2
2025-11-25 17:40:00,60,50.8,14.7,33.3
2025-11-25 17:41:00,59,55.2,21.9,33.1
2025-11-25 17:42:00,61,61.7,10.6,33.6
2025-11-25 17:43:00,53,67.9,12.0,33.1
2025-11-25 17:44:00,61,58.5,16.4,33.3
2025-11-25 17:45:00,55,66.4,12.6,32.9
2025-11-25 17:46:00,59,52.1,21.9,33.5
2025-11-25 17:47:00,52,62.0,2.7,33.2
2025-11-25 17:48:00,54,66.9,14.3,33.5
2025-11-25 17:49:00,53,62.3,0.7,33.1
2025-11-25 17:50:00,58,69.0,3.2,33.1
2025-11-25 17:51:00,56,63.6,5.9,33.3
2025-11-25 17:52:00,55,62.5,12.7,33.2
2025-11-25 17:53:00,56,61.6,10.4,33.2
2025-11-25 17:54:00,57,69.4,11.3,33.2
2025-11-25 17:55:00,61,57.8,21.3,33.3
2025-11-25 17:56:00,60,62.4,5.0,33.0
2025-11-25 17:57:00,58,61.9,20.4,33.6
2025-11-25 17:58:00,64,60.3,7.5,33.1
2025-11-25 17:59:00,61,56.2,15.5,33.1
2025-11-25 18:00:00,ERROR,64.2,6.4,33.2
2025-11-25 18:01:00,73,49.1,13.2,33.1
2025-11-25 18:02:00,71,64.3,12.6,33.3
2025-11-25 18:03:00,67,55.8,33.4,32.9
2025-11-25 18:04:00,71,57.0,27.1,33.2
2025-11-25 18:05:00,72,52.0,25.7,33.1
2025-11-25 18:06:00,74,51.2,27.8,33.1
2025-11-25 18:07:00,76,51.6,18.3,33.4
2025-11-25 18:08:00,71,51.3,21.1,33.4
2025-11-25 18:09:00,68,71.8,19.3,33.1
2025-11-25 18:10:00,74,54.2,27.6,33.2
2025-11-25 18:11:00,77,52.2,26.1,33.1
2025-11-25 18:12:00,74,58.5,26.2,32.5
2025-11-25 18:13:00,77,52.5,27.0,33.0
2025-11-25 18:14:00,78,55.7,22.7,33.1
2025-11-25 18:15:00,71,47.4,22.7,33.2
2025-11-25 18:16:00,77,54.3,29.8,33.1
2025-11-25 18:17:00,71,56.7,25.9,33.2
2025-11-25 18:18:00,76,55.7,26.9,33.2
2025-11-25 18:19:00,71,50.1,23.8,32.9
2025-11-25 18:20:00,68,55.3,NaN,99.9
2025-11-25 18:21:00,63,59.5,16.1,32.8
2025-11-25 18:22:00,70,59.9,11.7,32.8
2025-11-25 18:23:00,64,53.3,23.2,32.9
2025-11-25 18:24:00,64,47.9,24.5,32.7
2025-11-25 18:25:00,64,59.4,23.3,32.7
2025-11-25 18:26:00,53,64.2,17.3,33.2
2025-11-25 18:27:00,62,56.6,20.5,32.7
2025-11-25 18:28:00,61,61.8,19.4,33.5
2025-11-25 18:29:00,60,57.4,15.0,32.6
2025-11-25 18:30:00,56,60.0,8.9,32.9
2025-11-25 18:31:00,55,68.3,7.4,32.9
2025-11-25 18:32:00,55,63.1,14.1,32.7
2025-11-25 18:33:00,54,61.6,2.9,32.7
2025-11-25 18:34:00,54,67.4,8.7,32.9
2025-11-25 18:35:00,58,60.5,14.3,32.8
2025-11-25 18:36:00,56,59.2,0.0,32.8
2025-11-25 18:37:00,59,65.0,16.5,33.1
2025-11-25 18:38:00,56,63.2,7.0,32.8
2025-11-25 18:39:00,58,67.2,9.0,32.7
2025-11-25 18:40:00,56,64.8,2.7,32.4
2025-11-25 18:41:00,55,56.2,10.2,32.8
2025-11-25 18:42:00,57,69.0,10.0,32.9
2025-11-25 18:43:00,61,53.9,22.1,32.8
2025-11-25 18:44:00,62,53.6,10.0,33.0
2025-11-25 18:45:00,62,54.3,13.3,33.0
2025-11-25 18:46:00,59,68.8,5.3,32.9
2025-11-25 18:47:00,63,61.7,12.2,32.7
2025-11-25 18:48:00,65,52.4,23.8,32.7
2025-11-25 18:49:00,66,52.2,7.7,32.7
2025-11-25 18:50:00,75,56.5,24.2,32.7
2025-11-25 18:51:00,69,58.3,14.1,33.0
2025-11-25 18:52:00,72,57.5,24.5,32.8
2025-11-25 18:53:00,73,56.4,21.5,32.6
2025-11-25 18:54:00,72,61.6,14.6,32.4
2025-11-25 18:55:00,73,53.5,25.5,32.8
2025-11-25 18:56:00,73,61.0,13.4,32.6
2025-11-25 18:57:00,74,44.8,27.6,33.1
2025-11-25 18:58:00,75,53.8,19.0,32.6
2025-11-25 18:59:00,74,51.5,32.1,32.8
2025-11-25 19:00:00,87,47.9,37.3,33.3
2025-11-25 19:01:00,93,38.3,38.6,32.9
2025-11-25 19:02:00,86,49.2,39.0,33.1
2025-11-25 19:03:00,84,48.6,29.0,33.5
2025-11-25 19:04:00,79,51.5,38.9,33.1
2025-11-25 19:05:00,81,47.5,31.0,33.4
2025-11-25 19:06:00,74,60.8,14.7,33.0
2025-11-25 19:07:00,77,54.3,18.6,33.2
2025-11-25 19:08:00,83,41.8,35.9,33.0
2025-11-25 19:09:00,76,52.0,23.7,33.2
2025-11-25 19:10:00,79,49.8,32.8,32.8
2025-11-25 19:11:00,68,58.1,27.2,32.8
2025-11-25 19:12:00,69,55.7,14.6,32.8
2025-11-25 19:13:00,70,52.5,20.9,32.8
2025-11-25 19:14:00,65,57.3,28.5,32.7
2025-11-25 19:15:00,63,55.0,21.8,32.7
2025-11-25 19:16:00,61,66.1,19.3,32.6
2025-11-25 19:17:00,56,67.0,5.4,32.9
2025-11-25 19:18:00,54,67.2,1.8,32.9
2025-11-25 19:19:00,59,55.6,13.4,32.8
2025-11-25 19:20:00,59,63.6,21.7,32.4
2025-11-25 19:21:00,62,59.3,11.3,32.5
2025-11-25 19:22:00,56,66.4,8.7,33.0
2025-11-25 19:23:00,52,63.8,1.6,32.8
2025-11-25 19:24:00,59,58.4,1.0,32.8
2025-11-25 19:25:00,58,63.2,17.5,32.5
2025-11-25 19:26:00,58,66.7,1.5,32.8
2025-11-25 19:27:00,55,62.0,12.1,32.6
2025-11-25 19:28:00,55,62.6,4.7,32.5
2025-11-25 19:29:00,60,54.3,19.6,32.8
2025-11-25 19:30:00,53,60.2,15.5,32.6
2025-11-25 19:31:00,58,63.6,15.0,32.7
2025-11-25 19:32:00,58,68.0,18.4,33.0
2025-11-25 19:33:00,61,55.2,12.6,32.9
2025-11-25 19:34:00,64,65.2,17.4,32.5
2025-11-25 19:35:00,67,51.6,19.6,32.8
2025-11-25 19:36:00,71,70.1,19.6,32.8
2025-11-25 19:37:00,68,60.5,16.9,33.2
2025-11-25 19:38:00,68,58.3,23.0,32.9
2025-11-25 19:39:00,71,51.2,21.5,32.6
2025-11-25 19:40:00,71,58.2,23.8,33.2
2025-11-25 19:41:00,71,57.8,16.1,32.8
2025-11-25 19:42:00,74,57.2,22.2,32.8
2025-11-25 19:43:00,68,54.0,25.9,33.0
2025-11-25 19:44:00,75,52.7,26.1,32.7
2025-11-25 19:45:00,76,53.9,28.7,32.8
2025-11-25 19:46:00,68,61.4,16.0,32.7
2025-11-25 19:47:00,77,49.5,33.7,33.0
2025-11-25 19:48:00,77,44.6,36.4,32.9
2025-11-25 19:49:00,74,53.8,15.9,33.0
2025-11-25 19:50:00,72,47.5,18.4,33.1
2025-11-25 19:51:00,72,61.5,18.1,32.6
2025-11-25 19:52:00,70,61.0,19.0,32.8
2025-11-25 19:53:00,73,55.8,29.3,33.2
2025-11-25 19:54:00,71,47.9,23.4,33.0
2025-11-25 19:55:00,68,51.1,24.2,32.9
2025-11-25 19:56:00,70,51.2,22.4,32.8
2025-11-25 19:57:00,71,59.4,11.9,32.8
2025-11-25 19:58:00,63,55.2,17.4,32.7
2025-11-25 19:59:00,64,53.2,19.9,33.0
2025-11-25 20:00:00,63,59.5,13.2,32.9
2025-11-25 20:01:00,69,62.3,11.8,33.2
2025-11-25 20:02:00,65,51.8,24.3,33.3
2025-11-25 20:03:00,58,56.5,19.2,33.1
2025-11-25 20:04:00,62,60.9,16.6,32.8
2025-11-25 20:05:00,62,64.8,12.2,33.0
2025-11-25 20:06:00,53,65.9,10.5,33.0
2025-11-25 20:07:00,60,58.1,17.8,32.9
2025-11-25 20:08:00,56,61.0,12.5,33.0
2025-11-25 20:09:00,55,66.4,6.5,32.8
2025-11-25 20:10:00,61,66.6,5.2,33.2
2025-11-25 20:11:00,54,64.5,9.8,33.1
2025-11-25 20:12:00,53,60.2,4.9,32.9
2025-11-25 20:13:00,55,59.0,14.7,33.4
2025-11-25 20:14:00,54,64.4,10.9,33.2
2025-11-25 20:15:00,56,65.7,11.7,32.9
2025-11-25 20:16:00,59,65.0,7.6,33.2
2025-11-25 20:17:00,59,59.4,19.1,33.6
2025-11-25 20:18:00,56,55.3,14.7,33.3
2025-11-25 20:19:00,58,68.2,3.0,33.3
2025-11-25 20:20:00,58,69.5,19.1,33.0
2025-11-25 20:21:00,60,64.5,10.0,33.2
2025-11-25 20:22:00,62,49.2,19.8,33.1
2025-11-25 20:23:00,62,66.1,6.6,33.4
2025-11-25 20:24:00,64,56.5,21.8,33.3
2025-11-25 20:25:00,68,60.8,16.8,33.1
2025-11-25 20:26:00,64,53.7,33.9,33.5
2025-11-25 20:27:00,65,51.0,22.9,33.3
2025-11-25 20:28:00,72,52.9,23.2,33.3
2025-11-25 20:29:00,71,43.2,26.4,33.1
2025-11-25 20:30:00,73,68.6,19.9,33.2
2025-11-25 20:31:00,76,54.6,27.7,33.4
2025-11-25 20:32:00,80,44.4,34.5,33.1
2025-11-25 20:33:00,76,47.5,26.5,33.2
2025-11-25 20:34:00,78,55.8,20.0,33.3
2025-11-25 20:35:00,73,47.3,25.7,33.2
2025-11-25 20:36:00,82,51.0,24.1,33.2
2025-11-25 20:37:00,78,61.5,16.3,32.9
2025-11-25 20:38:00,80,51.8,25.1,33.4
2025-11-25 20:39:00,66,56.9,20.7,33.5
2025-11-25 20:40:00,71,55.1,17.7,33.3
2025-11-25 20:41:00,70,52.8,18.0,33.4
2025-11-25 20:42:00,75,51.5,26.4,33.0
2025-11-25 20:43:00,70,54.7,35.4,33.1
2025-11-25 20:44:00,74,57.8,24.9,33.6
2025-11-25 20:45:00,70,57.0,20.9,33.5
2025-11-25 20:46:00,71,51.4,17.4,33.3
2025-11-25 20:47:00,64,57.7,23.4,33.2
2025-11-25 20:48:00,65,57.9,22.0,32.9
2025-11-25 20:49:00,62,60.1,21.1,33.2
2025-11-25 20:50:00,57,,-10,33.1
2025-11-25 20:51:00,59,,10.8,32.9
2025-11-25 20:52:00,63,,16.9,33.1
2025-11-25 20:53:00,58,60.8,15.7,33.4
2025-11-25 20:54:00,56,62.5,12.7,33.6
2025-11-25 20:55:00,59,64.4,12.2,33.6
2025-11-25 20:56:00,58,56.9,20.8,33.4
2025-11-25 20:57:00,54,60.4,12.0,33.4
2025-11-25 20:58:00,56,63.6,18.6,33.5
2025-11-25 20:59:00,56,66.9,3.5,33.4
2025-11-25 21:00:00,60,58.7,10.5,33.2
2025-11-25 21:01:00,52,60.2,7.2,33.0
2025-11-25 21:02:00,55,66.8,4.0,33.6
2025-11-25 21:03:00,57,66.5,6.5,33.4
2025-11-25 21:04:00,53,67.9,7.5,33.4
2025-11-25 21:05:00,54,58.8,13.6,33.1
2025-11-25 21:06:00,59,53.5,20.4,33.0
2025-11-25 21:07:00,61,62.8,9.7,33.4
2025-11-25 21:08:00,61,56.9,10.7,32.9
2025-11-25 21:09:00,62,51.1,19.4,33.2
2025-11-25 21:10:00,64,56.3,16.5,33.4
2025-11-25 21:11:00,65,59.2,19.5,32.9
2025-11-25 21:12:00,67,59.4,13.5,33.2
2025-11-25 21:13:00,66,56.2,20.9,33.5
2025-11-25 21:14:00,71,48.0,28.4,33.5
2025-11-25 21:15:00,70,60.5,29.9,33.4
2025-11-25 21:16:00,71,59.9,21.2,33.2
2025-11-25 21:17:00,70,62.8,14.8,33.5
2025-11-25 21:18:00,74,46.2,29.5,32.8
2025-11-25 21:19:00,75,57.0,21.1,33.2
2025-11-25 21:20:00,80,47.7,25.3,33.5
2025-11-25 21:21:00,80,50.0,35.2,33.4
2025-11-25 21:22:00,72,51.4,31.1,33.5
2025-11-25 21:23:00,77,47.3,39.0,33.0
2025-11-25 21:24:00,74,54.7,32.3,33.3
2025-11-25 21:25:00,76,54.2,26.2,33.2
2025-11-25 21:26:00,67,55.0,21.5,32.9
2025-11-25 21:27:00,75,51.3,35.5,33.4
2025-11-25 21:28:00,72,53.1,23.7,33.0
2025-11-25 21:29:00,74,49.4,20.7,33.2
2025-11-25 21:30:00,74,49.0,31.3,33.0
2025-11-25 21:31:00,72,58.2,21.7,33.2
2025-11-25 21:32:00,68,54.8,20.1,32.9
2025-11-25 21:33:00,68,48.1,21.3,33.0
2025-11-25 21:34:00,67,55.4,19.6,33.2
2025-11-25 21:35:00,69,52.3,16.4,32.8
2025-11-25 21:36:00,64,56.5,13.7,32.8
2025-11-25 21:37:00,62,59.7,18.5,32.9
2025-11-25 21:38:00,61,54.8,16.6,32.8
2025-11-25 21:39:00,63,49.6,18.1,33.1
2025-11-25 21:40:00,61,73.2,10.8,32.8
2025-11-25 21:41:00,59,51.8,16.1,32.8
2025-11-25 21:42:00,61,56.9,15.1,32.9
2025-11-25 21:43:00,62,57.3,25.6,33.1
2025-11-25 21:44:00,58,63.0,13.5,32.6
2025-11-25 21:45:00,55,66.8,8.0,32.7
2025-11-25 21:46:00,55,70.9,13.0,32.9
2025-11-25 21:47:00,58,59.2,4.6,32.7
2025-11-25 21:48:00,60,58.8,13.1,32.9
2025-11-25 21:49:00,61,67.7,22.5,32.9
2025-11-25 21:50:00,56,54.3,21.4,32.7
2025-11-25 21:51:00,56,56.3,10.4,32.7
2025-11-25 21:52:00,55,60.0,7.9,33.1
2025-11-25 21:53:00,54,64.2,14.7,32.8
2025-11-25 21:54:00,56,61.0,17.0,32.9
2025-11-25 21:55:00,57,63.8,5.4,33.0
2025-11-25 21:56:00,61,57.8,11.4,32.7
2025-11-25 21:57:00,63,64.8,10.6,32.9
2025-11-25 21:58:00,56,59.0,11.9,32.7
2025-11-25 21:59:00,61,56.2,17.5,32.8
2025-11-25 22:00:00,ERROR,42.8,25.8,33.3
2025-11-25 22:01:00,72,51.7,21.7,33.5
2025-11-25 22:02:00,79,52.6,28.9,32.8
2025-11-25 22:03:00,82,50.0,33.9,34.0
2025-11-25 22:04:00,74,61.7,20.2,33.3
2025-11-25 22:05:00,80,47.9,28.0,33.3
2025-11-25 22:06:00,76,55.9,23.0,33.0
2025-11-25 22:07:00,79,56.8,24.0,33.2
2025-11-25 22:08:00,78,54.7,30.5,33.5
2025-11-25 22:09:00,80,53.4,29.0,33.4
2025-11-25 22:10:00,78,54.7,26.0,33.1
2025-11-25 22:11:00,80,51.2,29.1,32.8
2025-11-25 22:12:00,84,52.8,35.8,32.7
2025-11-25 22:13:00,76,56.6,29.5,33.0
2025-11-25 22:14:00,77,50.6,19.5,32.7
2025-11-25 22:15:00,81,47.4,34.6,32.7
2025-11-25 22:16:00,78,45.4,30.9,32.1
2025-11-25 22:17:00,75,44.3,35.4,32.9
2025-11-25 22:18:00,76,59.6,19.0,33.1
2025-11-25 22:19:00,76,50.8,33.1,32.5
2025-11-25 22:20:00,70,52.2,20.2,32.5
2025-11-25 22:21:00,74,51.5,27.7,32.6
2025-11-25 22:22:00,64,59.5,6.9,32.7
2025-11-25 22:23:00,64,68.1,17.5,32.7
2025-11-25 22:24:00,70,50.7,26.5,32.7
2025-11-25 22:25:00,66,63.5,19.7,32.8
2025-11-25 22:26:00,59,55.9,14.2,32.7
2025-11-25 22:27:00,59,72.7,15.8,32.8
2025-11-25 22:28:00,61,58.4,10.6,32.7
2025-11-25 22:29:00,61,53.5,18.6,32.7
2025-11-25 22:30:00,52,59.6,7.4,33.1
2025-11-25 22:31:00,59,54.0,18.1,32.4
2025-11-25 22:32:00,60,57.9,14.1,33.0
2025-11-25 22:33:00,52,57.1,7.4,32.9
2025-11-25 22:34:00,51,50.4,10.0,32.8
2025-11-25 22:35:00,59,58.3,11.8,32.9
2025-11-25 22:36:00,49,63.4,7.2,32.8
2025-11-25 22:37:00,54,63.4,0.0,32.6
2025-11-25 22:38:00,57,56.7,13.6,32.8
2025-11-25 22:39:00,55,63.5,4.6,32.7
2025-11-25 22:40:00,58,61.7,9.3,32.8
2025-11-25 22:41:00,59,50.1,23.3,32.7
2025-11-25 22:42:00,59,66.4,4.1,32.6
2025-11-25 22:43:00,58,57.1,22.7,32.6
2025-11-25 22:44:00,58,61.9,6.2,32.6
2025-11-25 22:45:00,62,57.3,15.9,32.6
2025-11-25 22:46:00,58,62.7,20.4,32.7
2025-11-25 22:47:00,64,61.3,9.8,33.1
2025-11-25 22:48:00,66,65.4,11.6,33.1
2025-11-25 22:49:00,69,58.4,21.0,32.7
2025-11-25 22:50:00,71,55.1,12.8,32.5
2025-11-25 22:51:00,68,57.4,19.7,33.0
2025-11-25 22:52:00,64,58.6,7.9,32.9
2025-11-25 22:53:00,71,56.7,17.5,33.0
2025-11-25 22:54:00,75,55.3,24.3,32.9
2025-11-25 22:55:00,71,58.9,29.2,33.0
2025-11-25 22:56:00,71,56.1,16.0,32.9
2025-11-25 22:57:00,76,42.9,24.4,32.7
2025-11-25 22:58:00,74,47.1,29.4,32.9
2025-11-25 22:59:00,74,49.1,32.2,33.1
2025-11-25 23:00:00,74,50.2,28.5,32.8
2025-11-25 23:01:00,74,56.5,14.6,33.1
2025-11-25 23:02:00,75,50.5,26.3,32.8
2025-11-25 23:03:00,69,63.0,18.5,32.9
2025-11-25 23:04:00,77,46.6,31.6,32.8
2025-11-25 23:05:00,75,41.6,30.1,32.7
2025-11-25 23:06:00,73,55.7,20.2,32.7
2025-11-25 23:07:00,71,50.1,28.6,32.8
2025-11-25 23:08:00,61,57.5,10.6,32.6
2025-11-25 23:09:00,65,58.0,24.5,33.0
2025-11-25 23:10:00,66,59.4,15.4,32.8
2025-11-25 23:11:00,63,49.8,17.8,32.9
2025-11-25 23:12:00,65,55.6,13.9,33.0
2025-11-25 23:13:00,60,64.0,7.2,32.8
2025-11-25 23:14:00,58,58.5,18.3,33.0
2025-11-25 23:15:00,64,60.6,10.7,32.9
2025-11-25 23:16:00,58,67.8,3.5,33.1
2025-11-25 23:17:00,62,68.4,9.6,33.1
2025-11-25 23:18:00,65,54.5,11.4,32.6
2025-11-25 23:19:00,59,51.0,15.3,33.1
2025-11-25 23:20:00,57,63.7,11.8,33.3
2025-11-25 23:21:00,53,60.2,5.8,33.2
2025-11-25 23:22:00,58,63.2,17.4,32.8
2025-11-25 23:23:00,60,67.6,14.7,33.4
2025-11-25 23:24:00,50,62.4,3.4,33.2
2025-11-25 23:25:00,52,67.8,12.9,33.2
2025-11-25 23:26:00,56,57.0,8.7,33.3
2025-11-25 23:27:00,58,60.8,10.5,32.7
2025-11-25 23:28:00,53,73.0,0.0,33.1
2025-11-25 23:29:00,60,53.7,17.5,33.3
2025-11-25 23:30:00,58,75.4,0.0,33.3
2025-11-25 23:31:00,58,64.7,13.4,33.0
2025-11-25 23:32:00,61,50.4,21.3,33.2
2025-11-25 23:33:00,63,63.7,16.2,33.1
2025-11-25 23:34:00,60,56.6,21.2,33.4
2025-11-25 23:35:00,63,58.7,11.8,33.4
2025-11-25 23:36:00,67,66.2,11.3,33.1
2025-11-25 23:37:00,67,59.7,17.2,33.0
2025-11-25 23:38:00,70,58.5,16.2,33.4
2025-11-25 23:39:00,72,54.5,24.0,33.3
2025-11-25 23:40:00,67,56.4,9.1,33.4
2025-11-25 23:41:00,66,64.3,14.5,33.1
2025-11-25 23:42:00,70,53.5,29.8,32.7
2025-11-25 23:43:00,77,53.3,20.7,33.0
2025-11-25 23:44:00,79,45.9,25.1,33.4
2025-11-25 23:45:00,75,47.7,29.2,33.0
2025-11-25 23:46:00,78,56.3,28.9,33.3
2025-11-25 23:47:00,80,49.9,24.2,33.3
2025-11-25 23:48:00,81,44.3,31.2,33.3
2025-11-25 23:49:00,75,47.7,33.4,33.7
2025-11-25 23:50:00,75,47.9,20.3,33.3
2025-11-25 23:51:00,78,53.6,27.1,33.1
2025-11-25 23:52:00,70,59.0,25.2,32.9
2025-11-25 23:53:00,78,54.0,34.0,33.0
2025-11-25 23:54:00,68,55.3,23.2,33.6
2025-11-25 23:55:00,73,52.2,19.9,33.5
2025-11-25 23:56:00,67,64.6,15.0,33.6
2025-11-25 23:57:00,71,53.9,20.4,33.2
2025-11-25 23:58:00,69,55.9,18.0,33.2
2025-11-25 23:59:00,67,46.1,25.8,33.1
2025-11-26 00:00:00,62,50.8,9.6,33.0
2025-11-26 00:01:00,62,69.0,8.7,33.3
2025-11-26 00:02:00,64,58.8,16.2,33.1
2025-11-26 00:03:00,66,66.3,6.4,33.1
2025-11-26 00:04:00,59,55.6,17.8,33.1
2025-11-26 00:05:00,65,63.2,17.0,33.5
2025-11-26 00:06:00,61,56.6,12.0,33.3
2025-11-26 00:07:00,60,60.9,5.6,33.1
2025-11-26 00:08:00,56,61.6,20.9,33.0
2025-11-26 00:09:00,57,68.8,20.2,33.2
2025-11-26 00:10:00,57,64.4,11.3,33.3
2025-11-26 00:11:00,56,49.1,19.6,33.3
2025-11-26 00:12:00,54,73.1,2.0,33.2
2025-11-26 00:13:00,61,55.3,13.8,33.3
2025-11-26 00:14:00,58,62.1,5.4,33.2
2025-11-26 00:15:00,54,62.6,11.4,33.4
2025-11-26 00:16:00,51,69.8,5.9,33.6
2025-11-26 00:17:00,58,66.3,12.8,33.6
2025-11-26 00:18:00,59,59.8,25.2,33.5
2025-11-26 00:19:00,61,53.3,10.6,33.3
2025-11-26 00:20:00,60,56.7,16.3,33.6
2025-11-26 00:21:00,63,52.7,18.3,33.1
2025-11-26 00:22:00,61,57.3,13.4,33.0
2025-11-26 00:23:00,63,55.5,3.1,33.7
2025-11-26 00:24:00,68,54.0,21.5,33.0
2025-11-26 00:25:00,71,63.8,20.1,33.5
2025-11-26 00:26:00,68,49.3,21.1,33.3
2025-11-26 00:27:00,67,55.2,20.0,33.2
2025-11-26 00:28:00,70,49.6,20.7,33.0
2025-11-26 00:29:00,74,42.5,35.2,33.5
2025-11-26 00:30:00,71,41.4,26.3,33.2
2025-11-26 00:31:00,70,52.5,30.6,33.4
2025-11-26 00:32:00,71,46.6,24.3,33.2
2025-11-26 00:33:00,76,49.5,30.2,33.6
2025-11-26 00:34:00,77,51.2,26.9,33.1
2025-11-26 00:35:00,78,47.6,30.2,99.9
2025-11-26 00:37:00,76,49.1,34.3,33.0
2025-11-26 00:38:00,80,41.4,35.5,33.3
2025-11-26 00:39:00,72,56.2,29.0,32.7
2025-11-26 00:40:00,75,39.9,26.3,33.5
2025-11-26 00:41:00,71,48.5,24.3,33.6
2025-11-26 00:42:00,67,51.5,28.9,33.5
2025-11-26 00:43:00,71,48.4,35.6,33.5
2025-11-26 00:44:00,72,49.9,25.0,33.1
2025-11-26 00:45:00,70,62.3,23.4,32.9
2025-11-26 00:46:00,72,55.7,26.2,33.4
2025-11-26 00:47:00,63,58.3,13.8,32.8
2025-11-26 00:48:00,66,69.5,4.6,33.1
2025-11-26 00:49:00,66,57.8,17.7,32.8
2025-11-26 00:50:00,63,54.7,7.1,33.3
2025-11-26 00:51:00,64,58.2,18.3,33.3
2025-11-26 00:52:00,61,64.2,11.2,33.3
2025-11-26 00:53:00,60,61.0,7.2,33.1
2025-11-26 00:54:00,55,59.1,7.5,32.8
2025-11-26 00:55:00,63,64.9,23.7,32.8
2025-11-26 00:56:00,57,55.3,10.4,32.9
2025-11-26 00:57:00,59,58.3,19.7,33.1
2025-11-26 00:58:00,62,51.5,25.1,33.2
2025-11-26 00:59:00,52,69.0,7.4,33.0
2025-11-26 01:00:00,68,52.6,31.7,33.4
2025-11-26 01:01:00,71,50.5,20.5,33.6
2025-11-26 01:02:00,64,56.1,17.9,33.4
2025-11-26 01:03:00,66,58.8,21.7,33.5
2025-11-26 01:04:00,63,56.9,23.3,33.5
2025-11-26 01:05:00,62,60.7,5.0,33.4
2025-11-26 01:06:00,72,49.3,21.2,33.5
2025-11-26 01:07:00,62,56.0,19.6,33.2
2025-11-26 01:08:00,66,60.7,19.4,33.4
2025-11-26 01:09:00,66,58.7,17.6,33.4
2025-11-26 01:11:00,66,51.3,22.5,32.9
2025-11-26 01:12:00,72,51.9,26.4,33.0
2025-11-26 01:13:00,72,50.0,25.8,33.0
2025-11-26 01:14:00,71,43.9,28.0,33.3
2025-11-26 01:15:00,71,50.8,26.2,32.9
2025-11-26 01:16:00,77,45.4,33.5,33.0
2025-11-26 01:17:00,73,55.0,29.2,33.0
2025-11-26 01:18:00,71,58.5,20.9,32.9
2025-11-26 01:19:00,75,51.6,32.6,32.8
2025-11-26 01:20:00,72,51.9,25.5,33.1
2025-11-26 01:21:00,78,46.8,42.4,32.9
2025-11-26 01:22:00,80,49.2,33.1,33.0
2025-11-26 01:23:00,80,55.3,32.3,32.7
2025-11-26 01:24:00,75,54.3,29.7,32.8
2025-11-26 01:25:00,79,57.6,22.0,32.6
2025-11-26 01:26:00,75,53.9,23.0,33.1
2025-11-26 01:27:00,77,51.9,20.0,32.5
2025-11-26 01:28:00,75,41.6,35.7,32.7
2025-11-26 01:29:00,83,59.8,27.3,32.7
2025-11-26 01:30:00,75,61.0,14.4,32.4
2025-11-26 01:31:00,69,58.3,22.7,33.0
2025-11-26 01:32:00,66,45.2,28.0,32.6
2025-11-26 01:33:00,63,59.3,19.9,32.7
2025-11-26 01:34:00,66,56.1,17.4,32.5
2025-11-26 01:35:00,64,60.5,17.9,32.8
2025-11-26 01:36:00,62,58.1,5.1,32.8
2025-11-26 01:37:00,68,48.6,20.4,32.8
2025-11-26 01:38:00,66,54.7,16.4,32.3
2025-11-26 01:39:00,61,69.5,12.5,32.7
2025-11-26 01:40:00,61,59.5,10.7,32.9
2025-11-26 01:41:00,60,60.3,8.8,33.0
2025-11-26 01:42:00,60,57.3,20.1,32.6
2025-11-26 01:43:00,55,58.8,2.4,32.8
2025-11-26 01:44:00,51,58.4,0.0,32.7
2025-11-26 01:45:00,55,60.7,5.7,32.5
2025-11-26 01:46:00,57,58.9,14.1,32.5
2025-11-26 01:47:00,56,68.7,10.8,32.6
2025-11-26 01:48:00,56,60.9,11.1,32.6
2025-11-26 01:49:00,55,63.8,4.3,32.5
2025-11-26 01:50:00,51,,4.1,32.7
2025-11-26 01:51:00,53,,7.6,32.3
2025-11-26 01:52:00,58,,6.1,32.8
2025-11-26 01:53:00,54,63.2,3.1,32.3
2025-11-26 01:54:00,57,61.0,9.7,32.5
2025-11-26 01:55:00,58,62.5,11.4,32.7
2025-11-26 01:56:00,58,66.9,4.2,32.8
2025-11-26 01:57:00,65,60.0,15.8,32.6
2025-11-26 01:58:00,66,50.1,16.4,32.6
2025-11-26 02:00:00,ERROR,54.9,22.8,32.4
2025-11-26 02:01:00,71,58.6,26.7,32.6
2025-11-26 02:02:00,67,49.3,20.0,32.8
2025-11-26 02:03:00,73,48.1,24.6,32.7
2025-11-26 02:04:00,66,60.1,13.8,32.7
2025-11-26 02:05:00,70,51.2,23.3,32.7
2025-11-26 02:06:00,71,50.9,25.8,33.1
2025-11-26 02:07:00,73,58.3,15.7,32.8
2025-11-26 02:08:00,70,47.4,21.6,33.0
2025-11-26 02:09:00,77,52.7,19.5,32.7
2025-11-26 02:10:00,76,53.1,16.9,32.6
2025-11-26 02:11:00,75,55.3,13.7,32.7
2025-11-26 02:12:00,75,56.5,28.1,32.9
2025-11-26 02:13:00,73,44.2,25.9,33.0
2025-11-26 02:14:00,79,54.1,29.8,32.9
2025-11-26 02:15:00,73,53.1,32.7,32.6
2025-11-26 02:16:00,79,49.1,36.1,32.5
2025-11-26 02:17:00,75,49.0,20.2,32.8
2025-11-26 02:18:00,75,48.2,20.3,32.8
2025-11-26 02:19:00,71,57.3,26.3,32.8
2025-11-26 02:20:00,76,53.3,24.3,32.5
2025-11-26 02:21:00,68,54.3,25.9,32.9
2025-11-26 02:22:00,64,58.8,20.3,33.1
2025-11-26 02:23:00,69,59.3,20.0,32.9
2025-11-26 02:24:00,69,49.0,21.9,32.7
2025-11-26 02:25:00,65,63.7,12.4,32.4
2025-11-26 02:26:00,61,64.0,15.8,33.0
2025-11-26 02:27:00,60,53.4,19.4,32.7
2025-11-26 02:28:00,67,59.6,15.2,32.8
2025-11-26 02:29:00,59,59.5,19.0,32.9
2025-11-26 02:30:00,56,71.6,7.1,33.1
2025-11-26 02:31:00,55,64.2,11.0,32.5
2025-11-26 02:32:00,62,65.3,11.3,32.7
2025-11-26 02:33:00,57,62.0,13.0,33.0
2025-11-26 02:34:00,57,68.8,11.4,32.7
2025-11-26 02:35:00,59,68.6,25.8,32.7
2025-11-26 02:36:00,56,51.7,17.5,32.9
2025-11-26 02:37:00,61,55.7,7.8,32.9
2025-11-26 02:38:00,49,69.0,0.0,33.0
2025-11-26 02:39:00,50,63.6,14.5,33.1
2025-11-26 02:40:00,54,63.0,NaN,33.1
2025-11-26 02:41:00,53,66.5,0.0,32.9
2025-11-26 02:42:00,56,64.9,10.0,32.7
2025-11-26 02:43:00,56,63.0,10.0,32.9
2025-11-26 02:44:00,59,64.2,8.9,33.0
2025-11-26 02:45:00,68,49.0,13.7,33.2
2025-11-26 02:46:00,60,58.2,11.0,33.0
2025-11-26 02:47:00,68,59.8,23.5,32.8
2025-11-26 02:48:00,62,45.0,16.9,33.3
2025-11-26 02:49:00,68,55.0,20.6,32.9
2025-11-26 02:50:00,68,59.7,11.0,33.2
2025-11-26 02:51:00,72,52.1,27.6,33.7
2025-11-26 02:52:00,70,57.1,17.3,33.1
2025-11-26 02:53:00,72,54.7,18.5,33.2
2025-11-26 02:54:00,76,54.0,31.1,33.1
2025-11-26 02:55:00,75,53.8,20.8,33.2
2025-11-26 02:56:00,71,51.5,24.8,33.2
2025-11-26 02:57:00,71,59.9,23.3,33.0
2025-11-26 02:58:00,70,54.3,20.1,33.2
2025-11-26 02:59:00,74,43.1,27.1,33.1
2025-11-26 03:00:00,77,48.1,37.3,32.8
2025-11-26 03:01:00,79,49.5,33.8,33.2
2025-11-26 03:02:00,78,49.0,23.7,33.5
2025-11-26 03:03:00,74,54.2,30.8,33.0
2025-11-26 03:04:00,75,49.3,26.9,33.2
2025-11-26 03:05:00,68,51.9,29.1,33.4
2025-11-26 03:06:00,72,55.3,21.5,33.5
2025-11-26 03:07:00,70,55.9,27.7,33.1
2025-11-26 03:08:00,75,45.0,37.0,33.2
2025-11-26 03:09:00,68,46.5,22.0,33.0
2025-11-26 03:10:00,66,56.4,23.7,33.3
2025-11-26 03:11:00,67,50.9,17.6,33.6
2025-11-26 03:12:00,63,66.9,11.7,33.3
2025-11-26 03:13:00,67,62.9,16.4,33.2
2025-11-26 03:14:00,62,60.6,19.6,33.3
2025-11-26 03:15:00,63,66.7,15.1,33.3
2025-11-26 03:16:00,55,49.1,17.6,33.3
2025-11-26 03:17:00,57,62.5,11.1,33.5
2025-11-26 03:18:00,58,57.2,19.0,33.2
2025-11-26 03:19:00,59,58.3,10.6,33.3
2025-11-26 03:20:00,56,64.2,8.8,32.9
2025-11-26 03:21:00,54,66.7,6.5,33.2
2025-11-26 03:22:00,58,57.3,6.3,33.3
2025-11-26 03:23:00,54,58.4,10.0,33.4
2025-11-26 03:24:00,55,64.0,18.4,33.2
2025-11-26 03:25:00,56,59.5,7.5,33.2
2025-11-26 03:26:00,54,64.8,20.2,33.2
2025-11-26 03:27:00,55,62.4,11.7,33.4
2025-11-26 03:28:00,60,47.8,7.1,33.2
2025-11-26 03:29:00,60,52.0,2.4,33.4
2025-11-26 03:30:00,59,55.2,10.2,33.1
2025-11-26 03:31:00,59,57.2,17.1,32.7
2025-11-26 03:32:00,57,55.7,12.9,33.2
2025-11-26 03:33:00,64,48.9,20.8,33.4
2025-11-26 03:34:00,68,53.6,23.0,32.9
2025-11-26 03:35:00,57,66.0,9.5,33.5
2025-11-26 03:36:00,61,62.2,23.0,33.4
2025-11-26 03:37:00,67,56.5,11.8,33.6
2025-11-26 03:38:00,66,59.6,9.8,33.1
2025-11-26 03:39:00,73,51.7,32.5,33.3
2025-11-26 03:40:00,64,62.2,12.8,33.4
2025-11-26 03:41:00,71,46.7,26.8,33.7
2025-11-26 03:42:00,74,52.9,30.3,33.3
2025-11-26 03:43:00,74,47.8,28.2,33.5
2025-11-26 03:44:00,71,61.5,19.6,33.1
2025-11-26 03:45:00,77,50.0,32.2,33.2
2025-11-26 03:46:00,74,55.2,26.1,32.9
2025-11-26 03:47:00,72,58.9,20.7,33.2
2025-11-26 03:48:00,71,49.1,14.8,33.2
2025-11-26 03:49:00,73,48.6,26.1,33.3
2025-11-26 03:50:00,81,42.0,39.6,33.4
2025-11-26 03:51:00,72,55.1,20.8,33.3
2025-11-26 03:52:00,78,53.9,29.9,33.1
2025-11-26 03:53:00,68,54.7,27.2,32.9
2025-11-26 03:54:00,69,56.2,15.9,33.1
2025-11-26 03:55:00,70,48.3,19.7,33.4
2025-11-26 03:56:00,66,49.0,18.9,33.4
2025-11-26 03:57:00,68,53.6,21.7,32.8
2025-11-26 03:58:00,69,57.4,18.4,33.4
2025-11-26 03:59:00,63,64.2,14.9,33.1
2025-11-26 04:00:00,80,49.5,36.3,33.4
2025-11-26 04:01:00,75,57.7,20.9,33.7
2025-11-26 04:02:00,80,48.1,34.0,33.3
2025-11-26 04:03:00,75,53.7,27.6,33.4
2025-11-26 04:04:00,65,60.0,6.7,33.5
2025-11-26 04:05:00,71,55.5,32.0,33.7
2025-11-26 04:06:00,64,58.0,17.1,33.2
2025-11-26 04:07:00,62,56.3,6.3,33.5
2025-11-26 04:08:00,62,50.5,21.2,33.7
2025-11-26 04:09:00,63,57.1,19.6,33.6
2025-11-26 04:10:00,62,55.0,18.5,33.7
2025-11-26 04:11:00,58,71.3,5.8,33.1
2025-11-26 04:12:00,58,62.4,2.8,33.0
2025-11-26 04:13:00,56,62.7,15.4,33.2
2025-11-26 04:14:00,52,74.2,4.9,32.9
2025-11-26 04:15:00,60,61.1,10.0,33.1
2025-11-26 04:16:00,58,59.2,9.4,32.8
2025-11-26 04:17:00,60,62.8,15.6,33.2
2025-11-26 04:18:00,61,56.6,20.4,32.7
2025-11-26 04:19:00,58,56.0,20.1,33.2
2025-11-26 04:20:00,63,63.6,-10,33.1
2025-11-26 04:21:00,63,62.9,13.8,32.9
2025-11-26 04:22:00,66,61.5,13.5,33.0
2025-11-26 04:23:00,62,46.5,21.6,33.1
2025-11-26 04:24:00,67,46.7,21.9,32.5
2025-11-26 04:25:00,72,48.7,31.8,33.1
2025-11-26 04:26:00,66,51.3,22.8,32.8
2025-11-26 04:27:00,70,52.5,14.2,32.5
2025-11-26 04:28:00,72,51.4,21.6,33.1
2025-11-26 04:29:00,75,50.9,25.2,33.0
2025-11-26 04:30:00,68,57.1,22.7,33.0
2025-11-26 04:31:00,67,52.6,16.8,32.9
2025-11-26 04:32:00,75,59.9,20.6,32.8
2025-11-26 04:33:00,78,52.6,33.9,32.9
2025-11-26 04:34:00,71,47.7,17.9,33.0
2025-11-26 04:35:00,78,60.0,29.3,33.1
2025-11-26 04:36:00,73,47.6,31.2,32.9
2025-11-26 04:37:00,75,54.3,27.0,33.1
2025-11-26 04:38:00,79,53.4,32.0,32.9
2025-11-26 04:39:00,73,57.4,15.8,33.0
2025-11-26 04:40:00,70,56.4,17.3,32.9
2025-11-26 04:41:00,73,45.6,29.6,32.7
2025-11-26 04:42:00,75,52.6,27.7,32.6
2025-11-26 04:43:00,69,53.0,26.7,33.1
2025-11-26 04:44:00,68,61.6,7.1,32.6
2025-11-26 04:45:00,66,50.3,13.5,32.9
2025-11-26 04:46:00,67,58.4,22.3,32.8
2025-11-26 04:47:00,68,55.5,14.8,33.0
2025-11-26 04:48:00,63,53.7,17.6,32.6
2025-11-26 04:49:00,62,60.5,17.0,32.6
2025-11-26 04:50:00,61,64.9,15.1,33.2
2025-11-26 04:51:00,65,63.4,8.5,32.9
2025-11-26 04:52:00,60,57.3,15.8,32.9
2025-11-26 04:53:00,60,55.4,19.8,32.6
2025-11-26 04:54:00,59,59.2,12.4,32.9
2025-11-26 04:55:00,54,72.8,0.0,32.6
2025-11-26 04:56:00,57,64.2,10.3,32.7
2025-11-26 04:57:00,57,60.3,19.0,32.9
2025-11-26 04:58:00,58,56.2,13.9,32.7
2025-11-26 04:59:00,52,65.8,4.2,32.8
2025-11-26 05:00:00,52,72.7,0.0,32.8
2025-11-26 05:01:00,57,58.4,17.4,32.5
2025-11-26 05:02:00,60,60.2,10.7,32.6
2025-11-26 05:03:00,58,58.0,10.0,32.7
2025-11-26 05:04:00,53,72.7,1.8,32.9
2025-11-26 05:05:00,58,56.2,14.1,32.9
2025-11-26 05:06:00,57,67.3,14.6,32.9
2025-11-26 05:07:00,58,55.8,11.1,32.7
2025-11-26 05:08:00,62,48.3,19.6,32.7
2025-11-26 05:09:00,60,66.3,13.8,33.0
2025-11-26 05:10:00,62,63.8,21.7,33.0
2025-11-26 05:11:00,60,58.5,13.1,32.8
2025-11-26 05:12:00,67,52.3,21.7,32.3
2025-11-26 05:13:00,71,52.1,23.8,32.6
2025-11-26 05:14:00,71,40.3,28.4,32.7
2025-11-26 05:15:00,67,64.9,12.1,32.9
2025-11-26 05:16:00,71,60.8,17.0,32.6
2025-11-26 05:17:00,74,54.9,16.9,32.6
2025-11-26 05:18:00,73,57.6,19.5,32.1
2025-11-26 05:19:00,75,46.6,18.0,32.1
2025-11-26 05:20:00,76,52.6,25.5,33.0
2025-11-26 05:21:00,76,60.0,16.7,32.7
2025-11-26 05:22:00,70,53.9,21.1,32.8
2025-11-26 05:23:00,75,55.6,28.3,33.2
2025-11-26 05:24:00,74,48.3,28.4,32.6
2025-11-26 05:25:00,79,48.9,27.2,32.6
2025-11-26 05:26:00,77,50.8,24.6,33.1
2025-11-26 05:27:00,72,54.3,26.5,32.4
2025-11-26 05:28:00,75,47.2,32.3,32.6
2025-11-26 05:29:00,75,58.0,28.1,32.8
2025-11-26 05:30:00,71,51.4,31.6,32.6
2025-11-26 05:31:00,68,59.3,15.1,32.6
2025-11-26 05:32:00,66,54.8,19.1,32.8
2025-11-26 05:33:00,72,56.8,21.3,32.7
2025-11-26 05:34:00,69,61.8,19.4,32.7
2025-11-26 05:35:00,63,51.1,22.9,32.9
2025-11-26 05:36:00,67,56.0,26.7,32.7
2025-11-26 05:37:00,67,56.5,16.3,32.9
2025-11-26 05:38:00,64,60.0,16.6,32.8
2025-11-26 05:39:00,68,61.8,21.9,32.8
2025-11-26 05:40:00,63,61.1,15.5,32.8
2025-11-26 05:41:00,59,44.8,20.3,32.7
2025-11-26 05:42:00,63,58.7,10.2,32.8
2025-11-26 05:43:00,54,65.4,9.7,33.0
2025-11-26 05:44:00,54,63.2,2.3,33.0
2025-11-26 05:45:00,57,63.8,10.9,32.9
2025-11-26 05:46:00,60,58.5,15.4,32.7
2025-11-26 05:47:00,52,64.2,13.3,32.8
2025-11-26 05:48:00,54,60.8,7.6,32.9
2025-11-26 05:49:00,51,71.1,0.6,33.0
2025-11-26 05:50:00,52,67.6,9.2,33.0
2025-11-26 05:51:00,53,64.9,1.8,32.9
2025-11-26 05:52:00,59,64.3,12.0,32.7
2025-11-26 05:53:00,59,60.6,1.6,33.1
2025-11-26 05:54:00,58,67.1,4.4,32.3
2025-11-26 05:55:00,60,61.6,4.8,32.8
2025-11-26 05:56:00,68,54.3,24.9,32.8
2025-11-26 05:57:00,55,61.7,8.9,32.9
2025-11-26 05:58:00,62,60.3,14.4,32.7
2025-11-26 05:59:00,65,47.7,11.8,33.1
2025-11-26 06:00:00,ERROR,56.5,12.4,32.9
2025-11-26 06:01:00,66,49.3,17.9,33.1
2025-11-26 06:02:00,72,52.0,28.1,32.6
2025-11-26 06:03:00,71,50.6,25.8,33.0
2025-11-26 06:04:00,74,48.6,30.1,33.0
2025-11-26 06:05:00,71,53.8,18.6,33.0
2025-11-26 06:06:00,72,55.3,23.4,33.2
2025-11-26 06:07:00,76,46.9,33.0,32.8
2025-11-26 06:08:00,75,55.4,15.5,33.1
2025-11-26 06:09:00,73,49.8,32.5,33.0
2025-11-26 06:10:00,72,54.3,27.1,33.1
2025-11-26 06:11:00,78,53.4,16.8,33.0
2025-11-26 06:12:00,73,55.7,10.6,33.6
2025-11-26 06:13:00,77,52.5,32.8,33.6
2025-11-26 06:14:00,77,56.1,26.6,33.1
2025-11-26 06:15:00,73,49.5,22.5,32.9
2025-11-26 06:16:00,73,44.9,29.1,33.1
2025-11-26 06:17:00,73,50.7,41.1,33.4
2025-11-26 06:18:00,68,57.0,17.2,33.0
2025-11-26 06:19:00,67,58.6,15.4,33.4
2025-11-26 06:20:00,73,60.4,17.4,33.3
2025-11-26 06:21:00,71,52.3,19.7,33.5
2025-11-26 06:22:00,68,59.0,15.2,32.9
2025-11-26 06:23:00,65,57.1,12.6,33.2
2025-11-26 06:24:00,60,54.4,19.5,33.3
2025-11-26 06:25:00,63,53.7,12.9,33.1
2025-11-26 06:26:00,64,62.5,13.1,33.0
2025-11-26 06:27:00,62,54.9,14.6,33.5
2025-11-26 06:28:00,62,59.5,9.3,33.3
2025-11-26 06:29:00,62,57.1,23.2,33.5
2025-11-26 06:30:00,63,60.1,18.7,33.5
2025-11-26 06:31:00,58,58.3,11.5,33.3
2025-11-26 06:32:00,52,63.0,13.7,32.8
2025-11-26 06:33:00,60,65.4,9.7,33.4
2025-11-26 06:34:00,55,68.5,12.7,33.0
2025-11-26 06:35:00,57,60.5,12.3,33.1
2025-11-26 06:36:00,60,65.1,8.4,33.0
2025-11-26 06:37:00,54,65.2,9.5,33.5
2025-11-26 06:38:00,58,66.0,11.9,33.0
2025-11-26 06:39:00,55,67.7,7.8,33.4
2025-11-26 06:40:00,55,57.2,11.7,33.3
2025-11-26 06:41:00,55,61.3,5.9,33.5
2025-11-26 06:42:00,57,68.7,16.4,33.3
2025-11-26 06:43:00,56,51.6,7.5,33.0
2025-11-26 06:44:00,64,58.5,19.0,32.9
2025-11-26 06:45:00,58,65.6,11.7,33.3
2025-11-26 06:46:00,64,66.1,12.9,33.3
2025-11-26 06:47:00,64,69.8,2.1,33.4
2025-11-26 06:48:00,65,60.5,13.3,33.3
2025-11-26 06:49:00,68,71.3,18.6,33.1
2025-11-26 06:50:00,66,,11.0,99.9
2025-11-26 06:51:00,71,,30.6,33.4
2025-11-26 06:52:00,68,,28.5,33.4
2025-11-26 06:53:00,71,53.3,23.7,33.2
2025-11-26 06:54:00,66,67.3,15.3,33.4
2025-11-26 06:55:00,73,49.9,24.7,33.0
2025-11-26 06:56:00,80,43.6,27.7,33.2
2025-11-26 06:57:00,78,51.0,22.3,33.5
2025-11-26 06:58:00,77,54.3,30.0,33.8
2025-11-26 06:59:00,81,45.8,40.7,33.4
2025-11-26 07:00:00,91,35.8,41.7,33.5
2025-11-26 07:01:00,91,49.9,26.3,33.7
2025-11-26 07:02:00,90,43.9,42.3,33.7
2025-11-26 07:03:00,86,45.5,29.6,33.5
2025-11-26 07:04:00,86,47.2,33.9,33.6
2025-11-26 07:05:00,81,54.7,27.1,33.4
2025-11-26 07:06:00,83,47.7,32.6,34.0
2025-11-26 07:07:00,78,52.2,22.3,33.6
2025-11-26 07:08:00,79,42.9,33.0,33.7
2025-11-26 07:09:00,75,57.7,25.6,33.9
2025-11-26 07:10:00,70,55.6,22.3,33.4
2025-11-26 07:11:00,74,64.5,20.6,33.3
2025-11-26 07:12:00,70,51.5,14.1,33.1
2025-11-26 07:13:00,64,66.7,12.9,33.2
2025-11-26 07:14:00,69,50.0,19.4,33.2
2025-11-26 07:15:00,68,58.7,20.3,33.2
2025-11-26 07:16:00,64,58.9,11.8,33.2
2025-11-26 07:17:00,58,61.2,10.2,33.7
2025-11-26 07:18:00,60,52.8,16.4,33.3
2025-11-26 07:19:00,64,54.9,10.7,33.3
2025-11-26 07:20:00,54,60.7,9.0,33.2
2025-11-26 07:21:00,60,56.7,13.7,33.2
2025-11-26 07:22:00,57,61.8,13.9,33.3
2025-11-26 07:23:00,58,63.4,3.4,33.2
2025-11-26 07:24:00,58,64.7,7.3,33.0
2025-11-26 07:25:00,55,65.4,13.8,33.1
2025-11-26 07:26:00,59,61.0,12.5,33.1
2025-11-26 07:27:00,59,62.1,23.9,32.9
2025-11-26 07:28:00,59,58.0,9.8,33.1
2025-11-26 07:29:00,58,75.4,5.9,32.9
2025-11-26 07:30:00,59,50.3,16.7,33.1
2025-11-26 07:31:00,61,64.2,10.6,33.1
2025-11-26 07:32:00,58,55.5,16.0,32.8
2025-11-26 07:33:00,60,55.1,18.7,33.4
2025-11-26 07:34:00,59,51.5,15.9,33.1
2025-11-26 07:35:00,64,55.6,17.4,33.1
2025-11-26 07:36:00,68,46.2,22.6,33.1
2025-11-26 07:37:00,64,66.9,10.2,33.0
2025-11-26 07:38:00,69,52.4,13.4,32.9
2025-11-26 07:39:00,72,52.4,20.0,33.2
2025-11-26 07:40:00,69,52.9,23.0,33.2
2025-11-26 07:41:00,78,55.0,32.7,32.9
2025-11-26 07:42:00,69,55.8,21.6,32.8
2025-11-26 07:43:00,72,55.8,24.9,33.1
2025-11-26 07:44:00,75,50.2,24.1,32.7
2025-11-26 07:45:00,80,50.3,28.5,32.8
2025-11-26 07:46:00,83,42.9,32.8,33.0
2025-11-26 07:47:00,77,56.4,34.5,33.0
2025-11-26 07:48:00,72,52.8,25.5,33.3
2025-11-26 07:49:00,71,60.7,21.1,33.1
2025-11-26 07:50:00,74,48.6,30.9,33.0
2025-11-26 07:51:00,77,51.4,24.8,32.6
2025-11-26 07:52:00,76,54.1,21.2,32.8
2025-11-26 07:53:00,72,46.8,22.1,32.7
2025-11-26 07:54:00,71,50.9,16.0,33.3
2025-11-26 07:55:00,75,48.7,28.8,32.9
2025-11-26 07:56:00,74,49.1,32.0,32.7
2025-11-26 07:57:00,65,61.2,22.9,33.4
2025-11-26 07:58:00,64,61.5,13.7,33.0
2025-11-26 07:59:00,62,52.7,14.2,32.8
2025-11-26 08:00:00,63,61.8,20.3,32.9
2025-11-26 08:01:00,69,57.8,13.9,33.1
2025-11-26 08:02:00,61,64.3,20.5,32.9
2025-11-26 08:03:00,57,57.1,19.8,32.8
2025-11-26 08:04:00,60,63.7,16.2,32.9
2025-11-26 08:05:00,58,59.3,17.5,32.9
2025-11-26 08:06:00,57,66.8,8.9,32.6
2025-11-26 08:07:00,55,57.7,10.4,33.0
2025-11-26 08:08:00,54,64.0,5.5,32.7
2025-11-26 08:09:00,51,63.3,6.5,32.9
2025-11-26 08:11:00,56,62.1,8.0,32.8
2025-11-26 08:12:00,56,53.1,11.9,32.7
2025-11-26 08:13:00,56,68.0,4.4,32.6
2025-11-26 08:14:00,54,59.1,8.9,32.9
2025-11-26 08:15:00,53,65.8,0.0,32.6
2025-11-26 08:16:00,55,70.7,5.6,32.3
2025-11-26 08:17:00,51,64.6,9.9,32.8
2025-11-26 08:18:00,58,66.6,7.7,32.9
2025-11-26 08:19:00,54,58.5,2.0,32.7
2025-11-26 08:20:00,60,60.6,14.0,32.5
2025-11-26 08:21:00,61,52.2,24.3,32.7
2025-11-26 08:22:00,61,67.5,5.4,32.5
2025-11-26 08:23:00,60,59.5,16.6,32.9
2025-11-26 08:24:00,73,42.4,31.7,32.6
2025-11-26 08:25:00,65,54.6,14.3,33.0
2025-11-26 08:26:00,70,55.1,28.8,32.4
2025-11-26 08:27:00,65,46.7,18.7,32.7
2025-11-26 08:28:00,70,55.6,14.9,32.9
2025-11-26 08:29:00,72,57.8,12.5,32.8
2025-11-26 08:30:00,69,53.8,24.3,32.7
2025-11-26 08:31:00,70,54.8,14.6,32.9
2025-11-26 08:32:00,73,59.1,19.6,32.6
2025-11-26 08:33:00,72,58.4,18.3,32.8
2025-11-26 08:34:00,74,43.4,25.9,32.5
2025-11-26 08:35:00,75,46.5,33.0,32.7
2025-11-26 08:36:00,74,56.0,29.1,32.7
2025-11-26 08:37:00,73,44.8,24.2,32.6
2025-11-26 08:38:00,75,50.8,30.1,32.6
2025-11-26 08:39:00,74,58.9,24.6,32.7
2025-11-26 08:40:00,72,50.9,20.5,32.6
2025-11-26 08:41:00,75,51.3,19.9,33.1
2025-11-26 08:42:00,73,46.4,25.0,32.7
2025-11-26 08:43:00,76,46.4,34.1,33.0
2025-11-26 08:44:00,68,54.6,15.9,32.7
2025-11-26 08:45:00,69,58.9,25.1,32.6
2025-11-26 08:46:00,62,59.1,16.9,32.8
2025-11-26 08:47:00,65,58.0,25.6,32.8
2025-11-26 08:48:00,64,55.6,17.3,33.1
2025-11-26 08:49:00,63,58.3,14.1,33.0
2025-11-26 08:50:00,68,58.1,20.1,32.8
2025-11-26 08:51:00,54,66.7,8.4,32.8
2025-11-26 08:52:00,58,59.1,11.0,33.0
2025-11-26 08:53:00,58,71.5,10.2,32.5
2025-11-26 08:54:00,58,58.0,2.4,33.1
2025-11-26 08:55:00,59,63.1,13.1,32.5
2025-11-26 08:56:00,55,66.8,3.0,32.3
2025-11-26 08:57:00,55,61.8,11.0,32.9
2025-11-26 08:58:00,57,62.7,17.3,32.5
2025-11-26 08:59:00,57,64.8,3.8,32.5
2025-11-26 09:00:00,53,60.3,13.3,32.7
2025-11-26 09:01:00,53,60.7,14.8,32.8
2025-11-26 09:02:00,55,62.0,16.5,32.7
2025-11-26 09:03:00,60,61.2,12.5,33.3
2025-11-26 09:04:00,53,61.6,3.1,33.0
2025-11-26 09:05:00,62,67.3,18.5,32.8
2025-11-26 09:06:00,57,53.2,25.0,33.0
2025-11-26 09:07:00,57,67.9,4.4,33.0
2025-11-26 09:08:00,59,63.5,12.0,32.6
2025-11-26 09:09:00,61,64.5,12.9,33.1
2025-11-26 09:10:00,59,60.2,10.4,33.1
2025-11-26 09:11:00,64,61.6,21.1,33.1
2025-11-26 09:12:00,66,52.1,20.6,32.8
2025-11-26 09:13:00,65,55.5,14.1,32.5
2025-11-26 09:14:00,66,58.2,11.3,32.9
2025-11-26 09:15:00,75,57.9,31.8,33.0
2025-11-26 09:16:00,74,49.6,23.0,32.4
2025-11-26 09:17:00,75,60.4,19.9,32.9
2025-11-26 09:18:00,70,57.0,26.7,32.6
2025-11-26 09:19:00,74,51.5,26.4,33.1
2025-11-26 09:20:00,73,52.9,23.6,33.2
2025-11-26 09:21:00,75,53.4,19.6,32.9
2025-11-26 09:22:00,77,51.5,31.1,33.4
2025-11-26 09:23:00,78,51.5,25.7,32.5
2025-11-26 09:24:00,74,51.1,28.2,33.0
2025-11-26 09:25:00,74,44.1,24.0,33.1
2025-11-26 09:26:00,80,49.6,31.7,33.2
2025-11-26 09:27:00,72,55.9,19.0,33.2
2025-11-26 09:28:00,74,54.4,20.8,33.2
2025-11-26 09:29:00,79,45.4,29.7,33.1
2025-11-26 09:30:00,74,50.0,12.5,33.4
2025-11-26 09:31:00,73,44.6,25.1,33.4
2025-11-26 09:32:00,74,57.5,22.7,33.1
2025-11-26 09:33:00,68,61.4,14.1,33.0
2025-11-26 09:34:00,71,54.5,29.5,33.0
2025-11-26 09:35:00,66,52.3,20.8,32.8
2025-11-26 09:36:00,64,51.1,23.2,33.3
2025-11-26 09:37:00,59,67.4,22.6,33.2
2025-11-26 09:38:00,60,73.9,2.1,33.2
2025-11-26 09:39:00,62,65.9,14.5,33.1
2025-11-26 09:40:00,57,59.7,7.4,33.2
2025-11-26 09:41:00,57,53.9,21.0,33.1
2025-11-26 09:42:00,54,62.1,10.0,32.8
2025-11-26 09:43:00,58,55.7,23.1,33.3
2025-11-26 09:44:00,55,58.7,11.1,33.3
2025-11-26 09:45:00,56,61.1,11.3,33.1
2025-11-26 09:46:00,54,52.4,18.5,33.3
2025-11-26 09:47:00,53,73.1,4.8,33.0
2025-11-26 09:48:00,58,63.2,13.2,33.1
2025-11-26 09:49:00,56,60.5,14.5,32.9
2025-11-26 09:50:00,54,71.6,2.0,33.1
2025-11-26 09:51:00,54,56.7,0.9,33.2
2025-11-26 09:52:00,57,61.4,10.8,33.3
2025-11-26 09:53:00,60,59.0,11.6,33.2
2025-11-26 09:54:00,60,67.2,7.8,33.3
2025-11-26 09:55:00,60,55.1,16.0,33.0
2025-11-26 09:56:00,55,64.5,7.1,33.3
2025-11-26 09:57:00,61,54.6,16.6,33.0
2025-11-26 09:58:00,67,49.9,21.0,33.1
2025-11-26 09:59:00,65,55.6,16.4,33.5
